<?xml version='1.0' encoding='UTF-8' ?>
<timeLogEntries>
  <time id="1" path="/TI1_JuanDavidCruzGarcia/PSP0/Planning" start="@1631561671968" delta="209" />
  <time id="2" path="/TI1_JuanDavidCruzGarcia/PSP0/Planning" start="@1631643548989" delta="7" />
  <time id="3" path="/TI1_JuanDavidCruzGarcia/PSP0/Design" start="@1631643972424" delta="113" interrupt="11" />
  <time id="4" path="/TI1_JuanDavidCruzGarcia/PSP0/Design" start="@1631806168412" delta="36" />
  <time id="5" path="/TI1_JuanDavidCruzGarcia/PSP0/Design" start="@1632034235028" delta="8" />
  <time id="6" path="/TI1_JuanDavidCruzGarcia/PSP0/Code" start="@1632064406264" delta="76" />
  <time id="7" path="/TI1_JuanDavidCruzGarcia/PSP0/Code" start="@1632499939550" delta="595" />
  <time id="8" path="/TI1_JuanDavidCruzGarcia/PSP0/Code" start="@1632598832469" delta="360" />
  <time id="9" path="/TI1_JuanDavidCruzGarcia/PSP0/Code" start="@1632627746486" delta="790" interrupt="70" />
  <time id="10" path="/TI1_JuanDavidCruzGarcia/PSP0/Code" start="@1632709931907" delta="50" />
  <time id="11" path="/TI1_JuanDavidCruzGarcia/PSP0/Test" start="@1632762029452" delta="380" />
  <time id="12" path="/TI1_JuanDavidCruzGarcia/PSP0/Test" start="@1632843842879" delta="153" />
  <time id="13" path="/TI2_JuanDavidCruzGarcia/PSP0/Planning" start="@1634146725216" delta="59" />
  <time id="14" path="/TI2_JuanDavidCruzGarcia/PSP0/Planning" start="@1634158764248" delta="325" />
  <time id="15" path="/TI2_JuanDavidCruzGarcia/PSP0/Planning" start="@1634335652753" delta="40" />
  <time id="16" path="/TI2_JuanDavidCruzGarcia/PSP0/Design" start="@1634338057358" delta="83" />
  <time id="17" path="/TI2_JuanDavidCruzGarcia/PSP0/Design" start="@1634589193893" delta="125" />
  <time id="18" path="/TI2_JuanDavidCruzGarcia/PSP0/Code" start="@1634596691643" delta="1077" />
  <time id="19" path="/TI2_JuanDavidCruzGarcia/PSP0/Code" start="@1634678442133" delta="45" />
  <time id="20" path="/TI2_JuanDavidCruzGarcia/PSP0/Code" start="@1634753075148" delta="543" />
  <time id="21" path="/TI2_JuanDavidCruzGarcia/PSP0/Code" start="@1634920287154" delta="52" />
  <time id="22" path="/TI2_JuanDavidCruzGarcia/PSP0/Code" start="@1635091930732" delta="259" />
  <time id="23" path="/TI2_JuanDavidCruzGarcia/PSP0/Code" start="@1635188853366" delta="476" />
  <time id="24" path="/TI2_JuanDavidCruzGarcia/PSP0/Code" start="@1635349963499" delta="321" />
  <time id="25" path="/TI2_JuanDavidCruzGarcia/PSP0/Code" start="@1635645603701" delta="134" />
  <time id="26" path="/TI2_JuanDavidCruzGarcia/PSP0/Code" start="@1635661489733" delta="36" />
  <time id="27" path="/TI2_JuanDavidCruzGarcia/PSP0/Code" start="@1635696342130" delta="180" />
  <time id="28" path="/TI2_JuanDavidCruzGarcia/PSP0/Code" start="@1635714658379" delta="195" />
  <time id="29" path="/TI2_JuanDavidCruzGarcia/PSP0/Code" start="@1635731468017" delta="88" />
</timeLogEntries>
